route,dijkstra_optimal,avg_ratio,std_ratio,cv,best_ratio,worst_ratio,valid_runs,total_runs
Chuenihorn (short),10717.972400982388,1.1559030056386406,0.012639444420081082,0.010934692927022665,1.134510568240143,1.1776320645817286,10,10
Schollberg (long),13641.196055879478,1.3271852047071706,0.03739641915396214,0.028177242348187016,1.2707240375405497,1.3981778351466307,10,10
Sulzfluh (long),18310.71924674,1.3213440533513354,0.023278880106653015,0.01761757662405231,1.2760172785203843,1.3507331456622824,10,10
ALL_ROUTES,,1.2681440878990489,0.08369449269987767,0.06599762085279713,1.134510568240143,1.3981778351466307,30,30
